owner_id,first_name,last_name,email_address,user_password,phone_number,join_date
100000,Galvin,Brauninger,gbrauninger0@mashable.com,soDwhcqruR1n,5298881336,28/09/2022
100001,Sonja,Reyson,sreyson1@unc.edu,xI7s50P,2736026327,15/12/2021
100002,Brina,De Carlo,bdecarlo2@vk.com,D6EUDyw,6896395461,22/01/2021
100003,Dre,Escoffier,descoffier3@google.cn,5JcTy5,1533204034,02/06/2021
100004,Carey,Ballsdon,cballsdon4@dell.com,jXmPgHmE,5785743671,14/08/2021
100005,Kenna,Luff,kluff5@usa.gov,4W2BjGJI5,2002511874,25/12/2022
100006,Davin,Slayton,dslayton6@cyberchimps.com,iMREvYeH,3107951167,15/04/2021
100007,Saundra,Folshom,sfolshom7@oakley.com,VDg5DRP,7079539797,02/09/2022
100008,Karyn,Barefoot,kbarefoot8@cdc.gov,W0rC3N1w,4041943235,01/03/2021
100009,Munroe,Whitticks,mwhitticks9@marriott.com,PBksHhEW,8215298982,07/12/2022
100010,Aloysia,Fairburne,afairburnea@harvard.edu,61jawkcTnUs,2592914460,28/10/2022
100011,Cordie,Eames,ceamesb@seattletimes.com,uaP68Iozi,8603827735,22/10/2021
100012,Devlin,Rodolfi,drodolfic@vimeo.com,BF4LzsE,3928157807,15/10/2022
100013,Floyd,Scotchforth,fscotchforthd@webmd.com,CxyHtxfrtVv,1979599371,19/04/2022
100014,Lyndy,Tuffley,ltuffleye@cnbc.com,JIxbpgCNGQj,9129418275,02/06/2021
100015,Nonnah,Donett,ndonettf@samsung.com,kvpuPA80,853930097,13/08/2022
100016,Philippe,Osburn,posburng@furl.net,ApLEwyZkd9,9598444037,05/12/2022
100017,Ruprecht,Cowup,rcowuph@dyndns.org,8zuFBhxc0U,5258856747,08/12/2021
100018,Worden,Lowings,wlowingsi@ning.com,pDwADLEh5,7651951308,19/09/2022
100019,Lee,Rowter,lrowterj@artisteer.com,DxG7sHzkqFM,9853981628,29/03/2021
100020,Drud,Marsay,dmarsayk@psu.edu,s2h9cvYT3V8u,3607340023,07/08/2021
100021,Georgeanna,Spurgeon,gspurgeonl@spiegel.de,PTRWABaw8l2,6899784356,04/04/2021
100022,Nicholas,Syder,nsyderm@1688.com,nyv8oO,5530157747,27/11/2022
100023,Michal,Stapele,mstapelen@ezinearticles.com,Enr01toS6Rf5,2272600575,28/04/2022
100024,Gladi,Senn,gsenno@whitehouse.gov,EqoP1t2iPM,7270162542,14/07/2022
100025,Donnamarie,Eckford,deckfordp@addtoany.com,bktunBSNo,5181092037,02/10/2021
100026,Isidro,Wessel,iwesselq@creativecommons.org,1njyolLc,2082427376,16/04/2022
100027,Ardenia,Sandeson,asandesonr@abc.net.au,mDASCo0R,9107664178,01/12/2021
100028,Dorris,Yelyashev,dyelyashevs@sciencedaily.com,o538Vr,6177367590,22/04/2022
100029,Wells,Holgan,wholgant@forbes.com,BQoMxka5,3973744989,04/10/2022
100030,Anet,Sprules,asprulesu@eventbrite.com,pMeZS7rB,7206391660,16/08/2021
100031,Melissa,Navarre,mnavarrev@usatoday.com,7fid1d,8332437410,26/08/2021
100032,Kass,Beavors,kbeavorsw@wufoo.com,XkVAdwsFss,5344318591,24/10/2021
100033,Fae,Hachard,fhachardx@ebay.co.uk,Nwwvbi0iI,8409380619,01/11/2022
100034,Rolf,Petersen,rpeterseny@ifeng.com,JbQtUZEqTPv3,6182071033,09/04/2022
100035,Sianna,Brabbs,sbrabbsz@nbcnews.com,vOfdtfp,7535883596,15/09/2021
100036,Kingsly,Handley,khandley10@example.com,bBO1M5Ojg0,3200899255,05/09/2021
100037,Winni,Cordelet,wcordelet11@japanpost.jp,3Y4MWorq2Z,3150430353,21/02/2021
100038,Roxane,Potzold,rpotzold12@yellowpages.com,tfPl1rY2Z7OT,730966954,20/05/2022
100039,Andie,Olin,aolin13@mlb.com,UUFttYQfkal,2160251917,21/09/2021
100040,Lon,Sexon,lsexon14@opensource.org,0EDzhsmc,4738242430,19/08/2022
100041,Kristy,Sponder,ksponder15@netscape.com,76NlVZyR,2994358782,06/02/2021
100042,Ringo,Keerl,rkeerl16@arizona.edu,eBt4FS,8607691418,04/09/2021
100043,Darb,Shorton,dshorton17@dagondesign.com,CxncgYFP,8855864209,14/12/2021
100044,Lorelle,Hallick,lhallick18@g.co,Cw0k8tKa,968974371,06/04/2021
100045,Gard,Harkness,gharkness19@columbia.edu,8SrgdL3Bq,3498244557,27/12/2021
100046,Jeanine,Purvey,jpurvey1a@buzzfeed.com,t8MNrAF,5391581394,15/06/2022
100047,Riley,Bickerstasse,rbickerstasse1b@nih.gov,TvFW2wkpzq,9279490563,30/08/2022
100048,Worthington,Colaco,wcolaco1c@accuweather.com,apk93Zzc,70743885,24/12/2021
100049,Estella,Schulken,eschulken1d@icq.com,efM3jaWUZ,5859408232,18/03/2022
100050,Montague,Lamden,mlamden1e@blogtalkradio.com,aT5hKCEm3Mc,6479149894,26/07/2021
100051,Conny,Carswell,ccarswell1f@booking.com,PSKYZclrbJa,4109184558,05/05/2021
100052,Bev,McGarry,bmcgarry1g@people.com.cn,GOoegeL,5649846447,21/02/2021
100053,Glennis,Houchin,ghouchin1h@4shared.com,RjN1Dc65bG7,7918603979,09/04/2022
100054,Ilaire,Foresight,iforesight1i@dailymail.co.uk,rYX5QsCfhY,7019768893,17/11/2022
100055,Dino,Cruikshank,dcruikshank1j@buzzfeed.com,dDsKLB,2836149180,23/01/2021
100056,Radcliffe,Bagster,rbagster1k@cornell.edu,8vkUCWjgPG6z,5292367997,07/07/2022
100057,Mattie,Parsand,mparsand1l@1688.com,wSyeUhB,7934083908,06/04/2021
100058,Meriel,Spinney,mspinney1m@cisco.com,8ENd6ScM,5518146861,26/09/2022
100059,Danica,Wincott,dwincott1n@cnn.com,1P5wewL4Z,3752961427,20/02/2021
100060,Arda,Hafner,ahafner1o@taobao.com,ufr2SGQ,7456500003,18/02/2022
100061,Cayla,Boutwell,cboutwell1p@biblegateway.com,myi5tTl04A,8088090790,15/09/2022
100062,Gallard,Strivens,gstrivens1q@photobucket.com,XLULs8QKeR,4420003323,30/05/2022
100063,Marcelia,Hotchkin,mhotchkin1r@w3.org,p4TjmYsYmSS,9388107524,21/06/2022
100064,Regina,Swinburn,rswinburn1s@youtube.com,ZYJfBj86C3n,2284791128,25/12/2021
100065,Garnette,Aldrin,galdrin1t@oaic.gov.au,Mb8d1Dfhx,5990576585,24/10/2022
100066,Lennard,Eberdt,leberdt1u@usnews.com,S8dBdag,9375951826,09/05/2021
100067,Sandie,Kerswill,skerswill1v@deliciousdays.com,UnPnuzSK,4677146502,25/08/2022
100068,Josephina,Dursley,jdursley1w@cnbc.com,86SX69o7,7640986730,07/03/2021
100069,Obadiah,Van De Cappelle,ovandecappelle1x@pinterest.com,5PHIivKvoo,8128922868,27/09/2022
100070,Livvie,Chinn,lchinn1y@google.de,DU1ved5,7188029975,09/02/2022
100071,Tris,Fotherby,tfotherby1z@icq.com,FLFkGnpl,882704711,25/07/2022
100072,Roberta,Reace,rreace20@gov.uk,cC0205,150274804,26/03/2021
100073,Maxine,Halladey,mhalladey21@soup.io,zFtr1ckqjr,1815133948,12/10/2022
100074,Catie,Inge,cinge22@mlb.com,vkoBmRICr8av,501088134,11/05/2022
100075,Ulysses,Kalinovich,ukalinovich23@baidu.com,fma3VFmfAJq,3321226586,11/03/2021
100076,Fraze,Millan,fmillan24@yolasite.com,VA8BnyXT2QD,7619426307,03/02/2022
100077,Zechariah,Parramore,zparramore25@sphinn.com,Hf4gEX,5868572353,17/06/2022
100078,Brooks,Tettersell,btettersell26@amazon.co.jp,DrSbejj0sve,4700504243,31/01/2021
100079,Michaella,Benge,mbenge27@bluehost.com,i1ZwrAPkOps,1549580638,21/08/2021
100080,Maurine,Seeman,mseeman28@netscape.com,3TBKm8j8l,3301084302,18/12/2022
100081,Rube,Delaprelle,rdelaprelle29@weebly.com,W5cDhSD,9102159767,10/08/2021
100082,Davine,Habin,dhabin2a@geocities.jp,23DirePs3zzE,3576107357,03/09/2022
100083,Kelly,Klisch,kklisch2b@deviantart.com,LXgZJXk,7362610312,22/03/2022
100084,Karleen,Soda,ksoda2c@va.gov,9LuTY5FQ,2531702555,09/09/2021
100085,Jess,McKernon,jmckernon2d@sogou.com,2BMYhs,4843985642,26/09/2021
100086,Lizzie,Westwick,lwestwick2e@goo.ne.jp,wc4ssNM,8310355699,03/04/2021
100087,Ardyce,Hakonsson,ahakonsson2f@shutterfly.com,2EWdOJOmK,4184261155,05/10/2021
100088,Sharyl,Brosnan,sbrosnan2g@sbwire.com,2517bf,8611809928,25/10/2022
100089,Krystal,Harpur,kharpur2h@google.ru,ff0MRhF6feQX,7830320101,22/03/2022
100090,Abraham,Blagburn,ablagburn2i@ehow.com,cMc7ciVgVG,9847749271,18/09/2022
100091,Donelle,Scarth,dscarth2j@addtoany.com,rdS2v8,1964051197,11/07/2022
100092,Susie,Gartside,sgartside2k@posterous.com,tGJP6LpjwHdE,2765359507,24/09/2022
100093,Silvanus,Stutard,sstutard2l@dmoz.org,fzGl4gPSa,4205231038,14/09/2021
100094,Davy,Winn,dwinn2m@hao123.com,zDhnxbVbcJua,1629169861,22/11/2021
100095,Bertram,Mylan,bmylan2n@webeden.co.uk,IIky1MrBTpu,123215720,27/10/2021
100096,Charlene,Turfes,cturfes2o@patch.com,oVeEn8E5EBs,1253293793,12/08/2021
100097,Zak,Rime,zrime2p@earthlink.net,sNtmPQg0TDw,8911696978,05/02/2021
100098,Mureil,Fermor,mfermor2q@51.la,6Hyk80FESWM,3963959303,08/03/2022
100099,Aurie,Caygill,acaygill2r@soundcloud.com,V27NjbX5Rp7,4013758932,06/02/2022
100100,Kelley,Screen,kscreen2s@loc.gov,gwPTG7pUE1gR,1460367142,03/07/2021
100101,Fulton,Kroger,fkroger2t@php.net,Z7bOPsZpQh,9490035735,03/08/2021
100102,Gothart,Cyson,gcyson2u@apple.com,8sWjoAG6,393421110,21/05/2022
100103,Berk,Atcherley,batcherley2v@washington.edu,dQjNOlLA,7108419051,31/08/2022
100104,Horacio,Claydon,hclaydon2w@geocities.jp,KLmMdvaxUQO4,5146503958,08/07/2022
100105,Dimitry,Gornal,dgornal2x@topsy.com,ihr15SHFsFxO,8063529068,26/10/2021
100106,Hill,Prinett,hprinett2y@privacy.gov.au,KbZsjwCN,9447229121,24/09/2021
100107,Rici,Alcorn,ralcorn2z@oracle.com,ZhwXaKEdI,167917707,26/10/2021
100108,Aprilette,Bradborne,abradborne30@t-online.de,unlfgWis,4333225706,16/01/2021
100109,Payton,Sockell,psockell31@dot.gov,YYp2qj4bGynx,791717238,24/10/2022
100110,Alidia,Nagle,anagle32@paypal.com,ovhTlvZ,2533921059,26/07/2021
100111,Coletta,Ruff,cruff33@yelp.com,adldLr89be,6744213516,28/05/2022
100112,Letti,Posselwhite,lposselwhite34@facebook.com,es4cRsEAS,5531654590,04/12/2021
100113,Lenette,Hastwell,lhastwell35@gmpg.org,hQceydGK,2453990373,07/07/2021
100114,Odelinda,Goodliffe,ogoodliffe36@illinois.edu,oHsY7FgoR,351292404,30/03/2022
100115,Ad,Hele,ahele37@ezinearticles.com,fnQAgfhb,7214011563,26/10/2021
100116,Marcy,Meddings,mmeddings38@ucoz.com,003B97V,5695791032,27/11/2021
100117,Alleyn,Rotham,arotham39@ocn.ne.jp,u4CwekgFxWX,7760871506,26/09/2022
100118,Sinclair,Jellis,sjellis3a@bandcamp.com,1rFtqmbt,7477045166,29/12/2022
100119,Sigvard,Wiersma,swiersma3b@furl.net,GOrPZKSiv9,5915554300,14/08/2022
100120,Stanislaus,Benettolo,sbenettolo3c@noaa.gov,xj8RzT7QC1,6113055476,30/08/2021
100121,Noell,Miguel,nmiguel3d@google.pl,CjNv0wvj,586541101,30/09/2022
100122,Davy,Mynett,dmynett3e@cnet.com,VtOrYlKwp,4127157672,09/01/2021
100123,Mordy,Sopper,msopper3f@google.com.br,3nXy8EL,6857267293,21/08/2022
100124,Virgie,Malpass,vmalpass3g@oracle.com,NNRWZ0ub8d,1143120439,07/08/2021
100125,Angele,Skryne,askryne3h@dropbox.com,GcZqyWs6wMR,6021401660,23/04/2021
100126,Jacky,Stable,jstable3i@wordpress.com,vwPrJxFpjM,7376028414,30/07/2021
100127,Barde,Tregian,btregian3j@adobe.com,fkot1Jp,7123549941,21/08/2022
100128,Nessy,Lowson,nlowson3k@china.com.cn,OEDb8F6SW,142759418,02/06/2022
100129,Clareta,Poletto,cpoletto3l@alexa.com,rLA4deSnaO,774963038,17/01/2021
100130,Sibyl,Borrie,sborrie3m@slate.com,4keqoK,4528480970,05/09/2021
100131,Bobina,Levesley,blevesley3n@census.gov,eCpx17p6rsDA,6873963524,02/09/2022
100132,Eva,Chesswas,echesswas3o@eepurl.com,zJxdD3nXTQEe,4139548980,05/04/2021
100133,Mickie,Clearie,mclearie3p@vistaprint.com,m9rT9cG0Uk,8805870677,20/07/2021
100134,Jeremie,Ghiron,jghiron3q@domainmarket.com,5Lz2lDz0,8300797517,03/05/2021
100135,Ravid,Bulled,rbulled3r@pcworld.com,SUll0pRPTi,3501462074,11/04/2021
100136,Felic,Arrandale,farrandale3s@cyberchimps.com,z0LKVm5OCRc,8561946250,29/01/2021
100137,Aile,Digle,adigle3t@xinhuanet.com,uOHAPtwG6dk,841471276,22/05/2021
100138,Archaimbaud,Huguenet,ahuguenet3u@cocolog-nifty.com,vNwO20O4wJ,3229683398,24/04/2022
100139,Chelsy,Easeman,ceaseman3v@princeton.edu,49wF06ePR,4907106129,29/11/2021
100140,Sarge,Cusack,scusack3w@csmonitor.com,BvcchrdInd1T,8994585824,25/06/2022
100141,Gordie,Footitt,gfootitt3x@foxnews.com,HuXbO9WUn9z,1990065967,01/12/2021
100142,Meris,Attridge,mattridge3y@comsenz.com,zWZEleGLz,1296443894,22/10/2021
100143,Gordan,Keneford,gkeneford3z@wix.com,f0up40VibWU,8077032250,07/03/2021
100144,Frederich,Auckland,fauckland40@facebook.com,d0LnhlK8O3CR,4458964750,11/12/2022
100145,Jamison,Beardshaw,jbeardshaw41@unicef.org,pirvdQG0iRJ,3495174081,04/09/2022
100146,Brandie,Durrell,bdurrell42@prnewswire.com,kZUKInbS,6171571688,15/08/2021
100147,Ignacio,Eyckel,ieyckel43@reddit.com,6JRuMvP,9009448928,25/03/2021
100148,Myranda,MacDearmaid,mmacdearmaid44@parallels.com,mgc5bWcMj,987395108,23/09/2021
100149,Frederica,Howcroft,fhowcroft45@typepad.com,E3RFHHLWb,8618380646,18/01/2021
100150,Nissie,Ainslie,nainslie46@icq.com,SWQJI2SxRdt,1834431081,29/08/2021
100151,Ezechiel,Moncreif,emoncreif47@netvibes.com,yO4AlJ,5074907731,18/06/2022
100152,Ervin,Roddick,eroddick48@miibeian.gov.cn,to9H6IXCH7z,881932767,11/05/2022
100153,Tina,Rodolico,trodolico49@shareasale.com,MgK4igm,8834551347,27/05/2022
100154,Clemmie,Beiderbecke,cbeiderbecke4a@github.io,bg5xI0XqJW9,7277922392,17/12/2022
100155,Budd,Rothchild,brothchild4b@tinypic.com,oH0W0L,3865439588,09/09/2021
100156,Broddy,Van Dalen,bvandalen4c@walmart.com,XdmhW1K,9123732636,18/06/2021
100157,Bobbie,Tremblot,btremblot4d@samsung.com,NXtXI4,5780701262,20/08/2022
100158,Prinz,Toulson,ptoulson4e@ucoz.ru,wRSajuz6it4q,8893150602,20/07/2022
100159,Ave,Muckart,amuckart4f@tripod.com,sjQ99Dhu,1091044264,29/01/2021
100160,Fannie,Shailer,fshailer4g@jalbum.net,vem88eeUE,5542491344,16/08/2022
100161,Edsel,Brookes,ebrookes4h@guardian.co.uk,sjbUb4,9346724685,06/06/2021
100162,Lyda,Hudleston,lhudleston4i@squarespace.com,LI6eFwwbuAC,7476934261,31/01/2021
100163,Lil,Felton,lfelton4j@alexa.com,XmViwqbPxdN,1955459331,29/12/2022
100164,Ricky,Wale,rwale4k@tamu.edu,boKOb4AZA8,6076502491,30/11/2021
100165,Claus,Elcombe,celcombe4l@wunderground.com,5PAg9un,4931927427,01/06/2021
100166,Adolphus,McTrustam,amctrustam4m@unicef.org,r9dAFn,8255157251,11/11/2022
100167,Ursulina,Frede,ufrede4n@networkadvertising.org,dA2SMDl,6734103989,16/06/2021
100168,Jelene,Birden,jbirden4o@utexas.edu,AeTMTM7,7795802098,05/04/2021
100169,Ailis,Kellen,akellen4p@weibo.com,ehNyf9,2619866989,01/01/2022
100170,Tommy,McTeague,tmcteague4q@imageshack.us,n0WGI6OI9f,3331066214,02/02/2021
100171,Brit,Kimbury,bkimbury4r@1und1.de,YiQ2YG916mdM,1300329893,31/05/2022
100172,Kipper,Kilshall,kkilshall4s@cornell.edu,tlWHUaezxhB,7778486797,19/07/2022
100173,Pietro,Calbrathe,pcalbrathe4t@weather.com,UuxMSRO04,8574349969,13/02/2022
100174,Gwen,Brackpool,gbrackpool4u@unesco.org,Uk2THJFL,7969702193,08/02/2022
100175,Valina,Brandom,vbrandom4v@buzzfeed.com,XCQCGIC3r,589563250,14/04/2021
100176,Harlie,Whistan,hwhistan4w@buzzfeed.com,svqL1PMUNKos,1835979083,04/12/2022
100177,Kalvin,Quadri,kquadri4x@163.com,h4SiFD,4976804916,18/10/2022
100178,Annalise,Galland,agalland4y@msn.com,2sTcAj,2746634479,04/04/2021
100179,Jobyna,Hakey,jhakey4z@ucsd.edu,RjTkU1K,1308362988,28/07/2021
100180,Darby,Dennitts,ddennitts50@google.fr,Fr3V08w02l,3664770889,26/08/2022
100181,Ingeborg,Heaselgrave,iheaselgrave51@typepad.com,LyeVnXdqve,4778451197,08/08/2021
100182,Bliss,Smorthit,bsmorthit52@php.net,Dp9vNDLs,8806457755,26/09/2021
100183,Perrine,Coppenhall,pcoppenhall53@globo.com,GttvNLpeP,3537993272,23/05/2022
100184,Forster,O' Connell,foconnell54@t.co,R33KroY7Z6Q,3764567881,14/03/2022
100185,Delmer,Picheford,dpicheford55@ibm.com,5GQYUD,7080251540,16/12/2022
100186,Artur,McDougald,amcdougald56@examiner.com,xQuAzmBDeA,2801826472,28/07/2022
100187,Gilbertine,Butterick,gbutterick57@auda.org.au,9p3JN3AQil,7242331532,20/08/2021
100188,Kathy,Evenden,kevenden58@moonfruit.com,f6fG5L,8751771326,30/09/2021
100189,Drucy,Iglesia,diglesia59@ifeng.com,59n8CE,5181329779,02/07/2022
100190,Regine,Hoolaghan,rhoolaghan5a@redcross.org,wmFvLyZw,8295744179,29/12/2021
100191,Wade,Ellicombe,wellicombe5b@feedburner.com,kpcutC4JF2Ud,74800174,12/07/2022
100192,Paola,Simunek,psimunek5c@artisteer.com,dihG5fw6KJ5K,8576830544,05/08/2021
100193,Doris,MacColl,dmaccoll5d@umn.edu,xKxpoL4,1529616992,03/12/2021
100194,Goran,Pelzer,gpelzer5e@princeton.edu,Kwz2r7,2204738325,09/12/2022
100195,Floria,Lemasney,flemasney5f@businesswire.com,K7dVoNHP3t0,3794768980,01/07/2022
100196,Demetra,Kingzet,dkingzet5g@harvard.edu,9x9IPCwZm8,3377683249,22/11/2021
100197,Karyn,Guilloud,kguilloud5h@china.com.cn,msEauNjVl,3304113286,28/03/2022
100198,Lefty,Hansed,lhansed5i@umn.edu,nihG3nANU,4468129106,10/09/2021
100199,Padraig,Dablin,pdablin5j@phpbb.com,Dx2gNxwTzms,6993288032,14/07/2022
